id,age,income,employment_years,loan_amount,interest_rate,credit_score,total_debt,home_ownership,loan_purpose,target
1,59,762306,5.5,314483,14.2,668,35903,Rent,Car,0
2,49,2035390,12.4,83642,12.5,699,361587,Rent,Personal,0
3,35,1049523,1.7,394920,15.4,583,97953,Own,Home,0
4,63,543299,6,166659,15.7,715,66075,Rent,Personal,0
5,28,1258455,5.1,150172,14.5,628,190612,Mortgage,Home,0
6,41,519326,3.9,109003,10.9,609,87709,Rent,Personal,0
7,59,211877,18,102253,14.4,599,17716,Own,Personal,1
8,39,373353,7,133022,17.3,757,10462,Mortgage,Personal,0
9,43,232302,7.5,196050,11.6,652,83483,Own,Personal,1
10,31,535735,7.3,968490,20.2,782,313819,Mortgage,Business,1
11,31,656618,1.2,218821,11.8,658,168803,Mortgage,Personal,0
12,44,1634370,13,333763,13.6,588,203254,Rent,Personal,0
13,56,778043,27.1,381485,11.3,623,48645,Own,Car,0
14,60,576207,19.2,324544,14.2,764,21474,Rent,Car,0
15,44,1025715,17.4,286379,7.9,681,188922,Own,Personal,0
16,23,192645,0.3,146439,11.8,657,7037,Rent,Personal,1
17,42,739934,8.3,716472,10,700,58299,Own,Education,1
18,22,993216,0.3,887227,13.9,720,87253,Own,Home,0
19,44,288227,14.1,109310,16.7,757,94666,Rent,Car,0
20,64,1219306,33.8,162287,15.6,777,335323,Rent,Car,0
21,50,783010,8.1,253635,6.5,668,366824,Mortgage,Personal,0
22,58,517269,20.6,168184,20,610,136423,Rent,Personal,1
23,22,920579,0.2,406410,14.4,665,114994,Rent,Home,1
24,41,2266186,9.9,193799,11,706,836513,Rent,Business,0
25,53,718380,13.6,1099726,14,632,173492,Mortgage,Personal,0
26,32,745082,8.6,612845,14.1,633,82989,Mortgage,Business,0
27,42,504882,11,340811,11.4,711,7416,Own,Personal,0
28,64,407303,14.8,555559,14.1,687,128355,Mortgage,Personal,0
29,45,1026240,4.3,582496,11.6,692,183174,Rent,Personal,0
30,47,405908,5.4,213880,12.2,644,22860,Mortgage,Personal,0
31,62,676095,10.6,183837,11.3,676,90763,Rent,Business,0
32,48,499826,7.4,314401,8.9,635,10572,Rent,Car,0
33,36,845909,10.4,503088,14,743,210629,Rent,Personal,0
34,35,780931,6.9,326105,15.4,752,117022,Own,Education,0
35,64,1150117,20.1,116464,15.1,579,164385,Own,Business,0
36,23,491009,0.4,185321,16.1,634,49876,Rent,Business,0
37,57,560339,25.3,286976,14.5,600,147974,Mortgage,Education,0
38,27,379423,3.6,286685,11.8,651,44566,Rent,Personal,0
39,41,509083,2.9,979760,16.2,685,89131,Rent,Business,1
40,29,799901,4.8,130607,9.2,603,302132,Rent,Home,0
41,59,985665,18.3,406318,10.6,635,16249,Own,Business,0
42,38,391420,2.7,733077,10.4,630,104668,Mortgage,Business,1
43,24,1048647,1.3,1172217,17,702,44432,Rent,Personal,0
44,45,1370010,10.5,235367,16.5,694,307761,Own,Business,1
45,34,815957,2.8,402881,15.1,647,53464,Rent,Personal,0
46,29,1824772,6.1,422267,16.9,701,370448,Own,Personal,0
47,46,424702,17.4,337333,10.7,657,34330,Mortgage,Personal,0
48,22,327803,0.6,282725,14.6,674,52507,Rent,Education,0
49,40,244368,8,389696,13.1,790,76323,Mortgage,Personal,1
50,48,1479999,10.5,65656,16.2,770,464574,Own,Car,0
51,27,931572,3.3,451703,13.1,612,352067,Rent,Car,0
52,64,630429,20.7,323594,12.3,740,56532,Mortgage,Education,0
53,28,758206,1,262512,15.2,739,317834,Own,Personal,0
54,55,350007,15.6,1024438,16.3,621,31829,Rent,Business,1
55,34,2495229,8.6,200101,11.4,739,1447802,Rent,Business,0
56,37,697878,6.7,235553,13.3,782,274415,Rent,Car,0
57,56,690309,4.8,991000,10.1,623,28379,Mortgage,Car,1
58,60,968883,25.4,182098,6.5,635,352941,Own,Home,0
59,24,846853,0.7,215662,14.1,751,139177,Mortgage,Business,0
60,22,735175,0.3,274669,15.4,706,171957,Rent,Business,0
61,26,420823,1.1,496818,14.3,723,43884,Rent,Personal,0
62,62,842421,13.6,339836,7.3,710,246935,Rent,Business,0
63,24,1830027,1.9,138132,12.4,713,353616,Own,Car,0
64,49,1362332,13,217997,6.5,610,274229,Mortgage,Home,0
65,38,1561223,4.1,208381,17.9,753,33436,Own,Business,0
66,46,490686,17.9,286417,10,760,336640,Rent,Personal,0
67,64,377168,30.8,387335,17.5,676,40787,Mortgage,Business,0
68,54,606551,23.4,385564,16.5,687,113244,Own,Home,0
69,30,670230,2.4,103356,10.6,598,51149,Rent,Business,0
70,56,1186517,14.6,568015,9.9,721,434861,Mortgage,Personal,0
71,34,256241,10.3,349088,14.6,724,53965,Rent,Car,0
72,51,1507526,19.2,688491,10.8,686,190694,Rent,Business,0
73,35,595897,1.7,391624,13.8,757,114776,Rent,Personal,0
74,28,513982,1,580899,12,670,65040,Rent,Personal,1
75,34,372529,5.5,396910,7.8,724,12135,Rent,Education,0
76,43,261596,16.2,672847,6.5,629,98881,Rent,Personal,1
77,60,1022204,18.6,410400,14.2,689,185511,Rent,Education,0
78,41,676747,9,282883,11.7,680,92554,Own,Personal,0
79,36,319735,2.6,1172910,11.7,704,116779,Mortgage,Car,1
80,65,318837,24.6,511427,15.7,668,41720,Own,Business,1
81,38,540390,11.5,423278,17.3,682,69743,Rent,Home,0
82,44,1627718,8.4,139491,12.6,740,11352,Rent,Home,0
83,46,563517,16.1,138490,12.4,664,80350,Rent,Car,0
84,45,284361,18.6,357599,15.1,594,91563,Rent,Business,0
85,65,567825,10.7,327371,9.2,795,62501,Own,Personal,0
86,61,559461,18.7,207537,14.2,773,85594,Own,Car,0
87,49,150000,8.4,326481,15.3,612,2186,Own,Personal,0
88,35,630877,9.2,778181,15.7,731,163063,Own,Home,0
89,65,572469,22.2,455331,7.3,660,410770,Rent,Personal,1
90,21,953258,0,151287,11.1,706,416257,Rent,Personal,0
91,45,1797044,15.8,280585,10.7,708,1037435,Own,Car,0
92,27,1207833,2.3,185083,13.8,676,121809,Rent,Personal,0
93,29,560643,5.9,237736,15,643,63591,Rent,Personal,0
94,44,353677,10.9,234068,18.3,649,74526,Rent,Home,0
95,21,2676647,0,225246,11.9,635,201813,Rent,Car,0
96,64,671519,25.2,141274,11.9,640,121226,Rent,Business,0
97,28,654999,4.6,277880,17.2,686,198658,Mortgage,Home,1
98,44,641432,7.4,214309,14.4,647,49211,Mortgage,Personal,0
99,31,724817,7,51734,17.6,731,176140,Rent,Home,1
100,37,600387,11.7,1028201,14.4,779,43720,Rent,Personal,0
101,28,474119,2.1,576540,9.8,655,49730,Own,Business,1
102,55,481160,26.8,239368,9.2,704,79419,Rent,Education,0
103,55,638396,6.7,303407,8.5,720,212542,Rent,Car,1
104,53,482070,7.7,148530,15.6,718,29386,Rent,Home,0
105,25,439179,0.9,829826,17.3,695,82709,Rent,Personal,1
106,62,689184,29.8,936506,19.4,735,95778,Own,Car,0
107,59,564949,21.2,329573,16.2,719,311297,Mortgage,Business,0
108,61,1486483,8.3,554408,17.2,616,202211,Rent,Personal,0
109,48,151251,11,333271,11.6,742,35398,Rent,Personal,1
110,27,1184767,3.2,134525,9.8,743,375742,Rent,Car,0
111,29,1289899,1.3,234320,16.2,644,110648,Rent,Home,0
112,28,207807,5,324712,14.8,692,24506,Mortgage,Car,1
113,32,538342,7.3,228390,13.8,731,52097,Own,Business,0
114,54,529896,15,263115,14.7,677,111240,Own,Personal,0
115,53,299718,24.9,283991,14.5,754,29217,Own,Car,0
116,43,423763,8.6,285789,17.6,832,26724,Mortgage,Home,0
117,44,352890,18.1,309556,17.6,643,22870,Mortgage,Personal,0
118,57,1703979,20.4,158764,15.2,607,656042,Rent,Home,0
119,55,1087455,18.5,195112,16.2,708,141924,Rent,Personal,0
120,64,1308096,9.3,138800,15.1,733,441003,Own,Personal,0
121,60,966704,28,539408,12,676,586553,Rent,Personal,1
122,42,349322,8.4,84808,15.9,777,89467,Mortgage,Business,0
123,47,487108,5.6,599405,9,610,237525,Own,Car,0
124,55,850759,3.7,689242,16.9,732,103208,Mortgage,Business,0
125,21,331889,0,250253,9.7,654,81165,Rent,Personal,0
126,55,962103,16,62922,14.4,793,368794,Mortgage,Home,0
127,57,569520,21.7,241531,10.8,810,39638,Rent,Car,0
128,34,528911,9.4,288666,15.3,644,5939,Mortgage,Education,0
129,23,961025,0.3,163600,13.4,657,363026,Rent,Home,0
130,21,829910,0,220225,8.4,742,266347,Own,Home,0
131,25,532957,0.9,751371,14.8,667,30244,Own,Personal,1
132,46,1229796,17.5,447081,11.7,687,674018,Rent,Car,0
133,34,358665,8.8,172267,16.3,692,141292,Rent,Car,0
134,59,912088,18.2,115033,13.5,575,140525,Mortgage,Business,0
135,47,900705,15.5,246552,14.8,689,69113,Rent,Personal,0
136,29,548245,2.6,263936,10.4,649,161450,Own,Personal,0
137,35,777704,6,404035,11.6,660,106913,Rent,Car,0
138,35,326640,9.5,217586,12,777,22099,Mortgage,Personal,0
139,46,1080509,10.5,407761,16.2,615,55891,Own,Personal,0
140,62,587148,14.4,958026,18.9,739,81326,Rent,Business,1
141,33,487590,5.4,489352,10.9,673,90043,Rent,Car,0
142,52,1157395,21.1,291468,16.9,673,246819,Own,Business,0
143,59,441238,12.7,268780,6.6,737,27066,Rent,Business,0
144,52,299561,6.9,242204,9.7,710,59504,Rent,Personal,0
145,24,276117,1.8,609212,10.4,724,56486,Own,Car,0
146,50,907123,19.7,205901,9.2,748,35405,Rent,Personal,0
147,57,321416,6.1,308252,8.4,670,143002,Rent,Business,0
148,43,1706345,5.9,309359,14.8,653,70187,Own,Car,0
149,59,206833,7.6,222008,12.8,625,105791,Rent,Car,1
150,65,1652465,15.1,131671,14.7,640,244400,Rent,Personal,0
151,35,729991,5.8,364150,15.7,850,205384,Rent,Car,0
152,63,616329,26.2,289218,14.3,765,245723,Own,Personal,0
153,49,481674,15.6,405016,15.6,609,179540,Own,Car,0
154,56,809565,18.7,217810,13.3,611,303839,Own,Business,0
155,33,636684,4.2,624078,9.7,719,192128,Rent,Business,0
156,52,1192478,21.4,177278,16.9,723,408854,Rent,Personal,0
157,27,692146,2.6,837990,11.6,723,312358,Rent,Car,1
158,42,706016,16.5,105130,10.5,675,133689,Rent,Business,0
159,48,532182,14.7,389415,12.9,682,386113,Mortgage,Personal,1
160,22,629957,0.2,399032,10.6,710,30723,Rent,Business,0
161,62,769902,23.5,186131,12.2,695,234357,Rent,Personal,0
162,65,253758,14.4,386998,14.6,557,19429,Rent,Home,1
163,26,309659,2.9,646449,14.6,676,65657,Own,Home,1
164,48,978252,4,79336,10.6,639,144709,Own,Car,0
165,48,714047,6,405625,11.9,701,113363,Own,Business,0
166,64,587444,30.1,67210,16.9,850,52337,Mortgage,Personal,0
167,64,656624,11.1,168071,15.1,712,117760,Own,Personal,0
168,40,786932,13,797341,20.1,671,296565,Rent,Car,1
169,50,483042,8.6,211603,17.3,745,352720,Rent,Business,0
170,31,423649,5.5,148332,17.2,719,180126,Own,Personal,0
171,48,723925,15.8,266406,9.1,715,43672,Own,Business,0
172,45,379505,11,1037455,15.9,726,161992,Own,Car,1
173,59,813635,11.9,99960,13.3,813,137426,Own,Personal,0
174,53,254818,8,159652,11.7,622,89028,Own,Business,0
175,21,1144826,0,736745,14,718,38000,Mortgage,Personal,0
176,47,842944,8.1,914524,16.5,634,574844,Own,Car,1
177,33,748289,6.7,281948,15.1,723,70383,Own,Personal,0
178,61,1115940,30.3,142644,10.7,635,90735,Rent,Car,0
179,23,1624545,1.4,1054992,15.9,665,1028207,Own,Home,0
180,59,1135554,24.2,780901,11.5,672,157904,Mortgage,Car,0
181,26,236156,3.3,450857,14.2,749,146653,Rent,Car,1
182,28,321567,4,184259,12.5,745,40986,Own,Car,0
183,47,460965,7.3,291303,12.8,615,18089,Own,Personal,0
184,29,659395,5.9,272480,16,693,25178,Rent,Car,0
185,57,864097,20.5,365876,10.2,647,114706,Own,Education,0
186,53,436075,15.8,716504,19.7,614,280287,Rent,Business,1
187,62,720319,7.3,508483,7.7,677,111035,Mortgage,Personal,0
188,64,429024,17.8,157175,11.6,671,186596,Mortgage,Personal,0
189,44,464350,9.7,685179,14.7,836,21141,Rent,Education,0
190,35,299858,9.9,362006,15.4,716,56431,Rent,Car,0
191,52,391190,15,453059,13.2,607,82891,Own,Car,0
192,52,309063,11.4,723215,13.3,656,64215,Rent,Business,1
193,44,380027,18,153982,14.8,751,73679,Rent,Personal,0
194,61,1160348,7.1,293620,12.8,815,444898,Own,Car,0
195,32,385601,4.4,218090,18,595,166874,Rent,Education,1
196,59,2764963,4.9,117105,16.2,577,1650308,Rent,Home,1
197,22,852606,0.6,369374,16.3,802,163660,Mortgage,Personal,0
198,23,719554,1.5,1353862,10.4,713,18127,Mortgage,Personal,1
199,57,405401,10.7,99458,13.2,638,224764,Own,Personal,0
200,37,955412,11.2,294245,12.5,722,260943,Mortgage,Business,0
201,22,473604,0.3,440587,10.3,532,130978,Rent,Personal,0
202,22,695115,0.7,322993,14.7,690,207403,Rent,Personal,0
203,48,2657175,16.9,280313,11.8,710,181584,Rent,Education,0
204,43,616550,14.6,137586,15.6,745,54581,Own,Personal,0
205,57,1223013,4.1,344969,10.1,629,211087,Mortgage,Personal,0
206,52,441521,24,190514,19,695,38832,Own,Personal,0
207,53,637611,19.5,80627,10.6,634,195686,Mortgage,Personal,0
208,21,1721434,0,614333,14.2,705,900247,Own,Car,0
209,39,460421,12.3,533156,16,636,127755,Rent,Business,0
210,22,1761320,0.3,309445,11.7,666,211021,Rent,Business,0
211,64,959331,30.6,344202,16.2,630,667123,Rent,Car,0
212,46,477047,4.5,571562,9.6,729,135578,Rent,Car,0
213,52,920389,18.4,343225,18.1,742,382912,Own,Car,0
214,26,1109736,2.4,516045,13.5,676,185655,Rent,Personal,0
215,52,915040,5.2,250960,11.6,692,75729,Own,Personal,0
216,24,274060,0.8,659164,12.5,603,52226,Own,Education,0
217,31,435741,1.1,363673,16.1,672,82540,Rent,Personal,1
218,37,567271,6.9,337044,11.6,687,421582,Rent,Personal,0
219,58,623927,11.5,140014,11.1,847,166779,Rent,Car,0
220,44,914468,11.9,356365,12.8,623,328969,Rent,Car,0
221,25,716736,1.2,182110,9.7,778,142819,Mortgage,Personal,0
222,54,311853,10.2,204550,19.3,750,71684,Rent,Personal,0
223,26,801176,3.1,183930,11.7,707,271003,Own,Car,0
224,42,909409,2.8,158229,16.2,796,69403,Mortgage,Home,0
225,31,884354,7.3,1073463,14.2,712,65967,Mortgage,Personal,0
226,36,1177798,10.4,666864,10.3,713,264362,Mortgage,Car,0
227,53,1028266,18.2,949564,13.5,687,553273,Rent,Car,0
228,29,836747,4.1,144033,16,763,123667,Rent,Business,0
229,26,625394,3.6,313104,12.9,756,44561,Rent,Personal,0
230,36,260719,3.4,138059,17.3,652,188764,Rent,Personal,0
231,49,823252,4.3,197624,16.8,611,1740,Mortgage,Car,0
232,23,728655,0.5,172933,16.4,678,191240,Own,Home,0
233,40,754715,12.5,631143,12,642,113166,Rent,Personal,0
234,56,322067,4.3,236523,10,686,30477,Rent,Car,0
235,39,358666,9.1,569529,11.5,764,84159,Rent,Personal,0
236,46,1160036,19.9,431063,14.1,663,160261,Own,Personal,0
237,23,636012,1.4,1195077,15.2,687,159820,Own,Car,0
238,39,945579,8.4,123485,6.6,693,183769,Mortgage,Personal,0
239,40,660203,2.7,638628,13.5,741,77817,Mortgage,Business,0
240,52,660725,21.1,596839,14,555,60649,Rent,Home,0
241,27,1089015,3.1,167294,12.6,654,160777,Rent,Car,0
242,61,489384,7.2,548980,17.6,703,44861,Rent,Car,0
243,53,685288,5.3,367039,14.8,762,117078,Rent,Car,0
244,60,504073,28.7,261726,17.7,660,49686,Mortgage,Personal,0
245,59,511834,21.6,182988,12.8,577,108942,Own,Business,0
246,38,548358,11.6,194867,16.5,727,52206,Own,Education,0
247,60,734468,27.9,1026253,18.7,652,35346,Own,Personal,0
248,21,499526,0,300123,17.7,619,370522,Rent,Personal,0
249,31,1296778,4.6,479652,10,653,837683,Rent,Personal,0
250,48,397398,10.8,186651,12.7,679,66284,Own,Home,0
251,45,586512,7.7,187893,12.4,654,68314,Own,Home,0
252,43,510362,8.9,574197,15.1,558,51927,Rent,Business,1
253,51,1440593,19.3,133491,15.7,744,455911,Own,Business,0
254,50,724207,15.1,233844,10.8,766,102908,Mortgage,Car,0
255,62,1146520,29.7,306188,13.7,729,162966,Rent,Home,0
256,55,287124,14,320732,7,622,77681,Own,Home,0
257,27,752838,3.1,269435,18.1,678,96722,Rent,Car,0
258,36,1060260,8.1,380419,11.9,690,360727,Own,Car,0
259,46,680092,12.9,454635,13.7,726,42269,Own,Home,0
260,22,1167928,0.6,466177,12.5,730,161744,Mortgage,Car,0
261,21,489050,0,166052,17.2,646,19093,Rent,Home,0
262,32,1411084,5,252975,6.5,695,109211,Rent,Home,0
263,25,2301615,0.7,614396,13.4,717,406524,Rent,Home,0
264,57,532409,13.3,513151,13.2,777,9401,Rent,Home,0
265,52,508745,13.7,131639,12,732,25939,Own,Car,0
266,29,1445678,4.5,370432,19,737,123911,Mortgage,Home,0
267,61,1549577,30.6,91547,10.7,695,613537,Rent,Car,0
268,55,487553,17.7,308568,16,775,186156,Rent,Personal,0
269,39,515878,11.2,936775,14.6,715,44850,Rent,Personal,1
270,36,556680,6.8,169872,17.5,638,99438,Rent,Car,0
271,23,310295,1.1,181851,11.4,774,79933,Rent,Home,0
272,40,392177,2.8,474471,11.2,732,143240,Rent,Education,0
273,44,374164,6.4,118878,17,663,65217,Own,Car,0
274,53,426104,11.3,205230,14.9,661,141006,Rent,Car,0
275,44,637718,9.9,429082,8.6,708,49132,Own,Personal,0
276,31,739364,1.3,205041,11.8,718,300863,Own,Personal,0
277,28,1524997,1.4,260395,14.7,702,64715,Rent,Business,0
278,56,375357,10.3,468855,16.2,709,38464,Own,Personal,0
279,58,1116942,28.9,386337,11.3,792,145804,Own,Home,0
280,60,577829,12.9,352085,6.5,754,317907,Own,Home,0
281,40,632555,8.3,244768,15.2,701,159678,Rent,Car,0
282,55,942111,8.1,374585,9.6,746,89969,Rent,Business,0
283,45,350540,12.7,278535,7,628,115330,Mortgage,Car,0
284,55,802152,10.1,394834,6.5,714,675725,Own,Personal,0
285,45,712316,5.9,222655,16.1,799,132916,Rent,Business,0
286,49,852199,12.9,268874,13.9,677,74852,Rent,Business,0
287,38,762052,1.8,165639,12.8,639,191649,Rent,Personal,0
288,38,2508368,1.8,293764,17.9,651,138986,Rent,Personal,0
289,22,457701,0.3,184414,15.5,625,16909,Own,Personal,1
290,55,485376,4.3,153754,18.7,643,98609,Rent,Personal,0
291,36,461391,2.6,350366,9,668,36705,Rent,Education,0
292,61,478885,13.5,340844,13.4,606,55868,Own,Car,1
293,56,457789,23.2,479866,8.3,691,53230,Rent,Car,0
294,53,1250041,16,231622,12.8,744,150344,Own,Business,0
295,24,1419769,1.4,383222,12.7,636,163805,Own,Car,0
296,53,474880,9.8,417490,15.5,781,69230,Rent,Personal,0
297,34,411240,9.8,391759,13.6,721,34879,Own,Education,0
298,41,842397,7.6,182800,15.5,752,92511,Own,Business,1
299,40,479743,3.1,328127,15.8,651,3944,Rent,Business,0
300,28,920655,3.7,373257,20.4,741,80593,Rent,Car,0
301,27,726748,1.1,301295,12.5,624,469383,Own,Business,0
302,23,282397,0.7,85789,10.5,743,99052,Mortgage,Personal,0
303,37,1522487,7.3,330325,14.3,700,174413,Own,Home,0
304,53,1745341,22.8,1131502,10.9,723,773453,Rent,Education,0
305,32,464025,4.9,241715,18.2,619,69796,Own,Personal,0
306,42,525178,12.4,193821,12.6,636,223445,Rent,Business,0
307,42,760669,16.7,375325,11.7,726,60922,Own,Car,0
308,50,781272,5.6,361843,12,633,317563,Own,Personal,0
309,58,933715,10.8,613649,15.8,718,184559,Own,Business,0
310,58,1963698,13.9,141043,13,608,1005346,Mortgage,Personal,0
311,65,589722,17.4,465267,11.4,741,108711,Own,Home,0
312,28,419016,2.7,427535,18.8,616,58290,Own,Personal,1
313,47,304401,19.1,275474,10.8,723,5839,Rent,Education,0
314,47,434832,15.6,367600,13.6,728,312418,Mortgage,Personal,0
315,54,638264,17.3,556383,15.6,648,281438,Mortgage,Personal,1
316,41,1744074,6.3,506321,8.3,725,137492,Rent,Personal,0
317,50,488963,19.6,151104,15,706,53240,Own,Education,0
318,53,735136,24.6,490722,10.1,658,37103,Rent,Home,1
319,48,644155,18.2,288579,16.1,629,28700,Own,Home,0
320,53,1249612,3.2,313408,10.4,572,349604,Own,Car,0
321,25,2609164,2.2,313469,15.7,711,533463,Rent,Car,0
322,39,485410,2.4,274139,17,596,53641,Mortgage,Personal,0
323,24,496598,0.8,613271,16.3,696,197158,Rent,Car,0
324,55,1154313,4.8,285303,14.3,674,426064,Own,Personal,0
325,37,945783,8.4,153248,12.8,731,245278,Rent,Education,0
326,64,1794822,25,236906,11.7,672,324118,Rent,Business,0
327,48,896172,4.9,333953,18.2,670,421347,Rent,Car,0
328,50,533448,10.7,627229,11.3,734,76569,Rent,Personal,1
329,49,899494,11.7,430798,10.2,710,220321,Own,Business,0
330,26,1196026,1.8,180091,15.6,709,315400,Own,Personal,0
331,55,1020693,6.3,1332612,11,718,62804,Rent,Personal,0
332,61,859175,15.7,351654,10.5,598,261189,Rent,Personal,0
333,57,1168695,22.5,644849,8.9,735,27463,Rent,Car,0
334,44,1236555,3.4,273897,12,727,563901,Own,Business,0
335,49,1390140,4.4,413145,13.2,629,310308,Own,Personal,0
336,51,928679,10.5,496440,14.3,675,174096,Rent,Personal,0
337,55,592919,25.8,623095,16.5,688,51537,Own,Car,0
338,53,704624,18.2,565779,15.2,682,147911,Rent,Home,1
339,41,1262125,11.5,506285,12.9,710,387509,Mortgage,Personal,0
340,52,414742,11,248323,12.9,776,19784,Mortgage,Personal,0
341,43,796114,11.3,212881,15.1,755,120345,Own,Education,0
342,53,523552,3.4,366261,17.6,611,125374,Mortgage,Education,0
343,23,660358,1.1,525137,13.9,727,51275,Mortgage,Education,0
344,38,1313067,12.6,262473,12,770,278241,Mortgage,Business,0
345,45,722037,12.7,568434,10.3,713,67710,Own,Personal,0
346,62,666815,29.2,717198,8.9,755,55698,Rent,Personal,0
347,51,307677,18.2,173121,15.6,811,24825,Rent,Personal,0
348,23,979862,0.4,181568,15.3,751,96415,Rent,Personal,0
349,60,927033,28.5,275767,15.3,705,164921,Own,Education,0
350,44,2136154,3.4,360809,13.1,753,651719,Rent,Business,0
351,52,548778,14.7,218994,18,699,200360,Rent,Home,0
352,42,733263,4.2,675264,12,691,258447,Rent,Personal,1
353,43,745558,2.4,386922,16.6,669,19714,Rent,Business,1
354,22,1547772,0.4,307185,13.4,784,975939,Own,Business,0
355,47,616809,8,126753,11.6,641,228257,Mortgage,Personal,0
356,62,757811,18,136223,15.4,782,80364,Own,Business,0
357,22,908065,0.5,355096,14.8,720,116565,Own,Personal,0
358,46,720256,3.3,83448,14.6,606,166241,Own,Personal,0
359,37,508484,3,550796,13.8,712,36523,Own,Home,0
360,60,723226,19.2,272841,13.4,564,111684,Rent,Home,0
361,53,1173176,10.9,2000000,21.1,728,329289,Mortgage,Personal,1
362,29,369588,4.9,1198148,17.3,743,96225,Rent,Personal,1
363,63,699318,23.4,269054,15.8,654,55428,Rent,Education,0
364,59,442264,26.3,281457,13.9,697,12993,Own,Home,0
365,49,1254193,16.4,545188,16.7,807,7502,Rent,Home,0
366,62,281243,16.4,833544,15.2,660,10214,Rent,Personal,0
367,46,477978,14.3,112277,13.6,626,125394,Rent,Personal,0
368,55,799862,10,102715,12.5,779,191060,Rent,Personal,0
369,45,1537650,7.5,206554,13.2,808,717156,Rent,Personal,0
370,44,626914,15,425568,6.5,690,37747,Rent,Personal,0
371,33,478958,4.9,404199,14.2,751,76556,Own,Personal,0
372,27,1829154,4,570005,11.9,770,692461,Mortgage,Home,0
373,56,293115,23.6,146052,18.6,645,43699,Rent,Personal,0
374,65,193956,30.8,74746,13.6,661,38489,Mortgage,Business,0
375,40,827973,14.1,501995,9.7,764,247619,Rent,Personal,0
376,21,493164,0,182521,13.3,791,119948,Rent,Car,1
377,28,370663,2.3,89361,10.2,724,93104,Rent,Personal,0
378,36,959650,7.6,327282,15,637,18635,Own,Car,0
379,34,743273,4.7,482841,14.4,809,82175,Rent,Personal,1
380,32,476625,5.7,278815,16.6,658,49001,Own,Education,0
381,43,321438,13.1,227938,11,670,44390,Own,Business,0
382,35,1050292,8.1,272644,13.6,711,463909,Own,Car,0
383,48,929441,9.8,240191,9.1,783,256944,Own,Personal,0
384,54,615494,7.2,133614,15.7,741,78439,Mortgage,Home,0
385,22,1794753,0.4,195385,15.2,715,43512,Rent,Business,0
386,52,360837,6.2,410161,15.1,718,40508,Rent,Personal,1
387,43,280882,15.9,363867,13.5,693,16144,Own,Car,0
388,42,444266,7.2,331829,14.8,723,27056,Own,Business,0
389,45,633906,5,165123,18.6,538,75759,Rent,Business,0
390,42,743084,2.5,269046,12.6,672,108154,Rent,Business,0
391,42,569235,11.6,81251,13.9,704,409995,Rent,Business,0
392,62,788871,22.4,333909,10,621,172290,Rent,Education,0
393,26,326564,1.7,707047,10.7,713,2800,Rent,Car,1
394,35,1438049,2.1,123879,13.8,678,683080,Mortgage,Car,1
395,63,621285,16.2,211078,17,795,32378,Own,Business,0
396,57,1201691,11.4,365493,12.7,784,414682,Own,Home,0
397,53,784833,18.4,636184,12.7,662,182869,Own,Education,0
398,28,835631,3.7,229258,12.2,681,284012,Mortgage,Personal,0
399,64,889220,15.3,198033,11.8,686,76766,Rent,Car,0
400,64,831484,10.9,92059,14.4,663,395061,Rent,Personal,0
401,25,925626,3.2,319209,8.7,702,296909,Own,Personal,0
402,59,1350198,15.9,1021501,17.6,645,295174,Own,Personal,0
403,24,724194,1.7,354319,11.4,622,124287,Rent,Home,0
404,26,959991,1,296016,15.8,727,266234,Mortgage,Personal,0
405,65,618698,19.4,363956,9.4,728,141742,Rent,Home,0
406,52,1435167,3.7,298010,15.6,642,103660,Rent,Home,0
407,50,448073,13.2,184191,15.7,744,187525,Rent,Personal,0
408,55,1750207,26.3,491642,14.7,652,151742,Rent,Personal,0
409,60,635801,14.4,343518,10.3,705,61692,Own,Home,0
410,36,295907,1.9,303187,14.3,739,48121,Mortgage,Business,0
411,33,697449,1.5,167095,9.7,688,229695,Rent,Business,0
412,62,446926,15.2,655821,12.7,717,101568,Mortgage,Business,0
413,50,1032075,6.1,447020,16.8,659,296336,Mortgage,Education,0
414,39,453969,2.1,215299,16,678,51577,Own,Home,0
415,37,508554,10.1,547234,13.5,678,33801,Own,Business,0
416,39,229919,7.6,222570,10.4,645,22144,Rent,Business,0
417,48,506844,8.2,187650,15.6,679,117138,Own,Business,0
418,46,171372,18.3,190178,13.6,597,24205,Rent,Personal,0
419,57,272006,6.5,103663,6.5,661,35282,Own,Education,0
420,46,987524,19.2,398102,16,673,162951,Rent,Car,0
421,43,1001408,7,99993,13.4,675,699747,Mortgage,Business,1
422,29,821370,5.8,143555,17.3,676,39751,Mortgage,Personal,0
423,32,381891,5.7,86352,10,686,64662,Rent,Car,0
424,21,633165,0,284901,6.5,719,6042,Rent,Personal,0
425,21,648713,0,274127,14.4,742,23934,Own,Personal,0
426,54,343735,10,246599,14.4,651,8623,Own,Personal,0
427,52,1485997,24,160491,8.1,618,464663,Rent,Business,0
428,45,1053130,8.9,148479,10.4,627,528626,Own,Personal,0
429,60,575617,14.4,396392,22.3,661,43461,Rent,Personal,0
430,65,659683,14.9,215606,12.5,669,48810,Rent,Personal,0
431,21,728934,0,362708,15.8,644,35873,Rent,Home,0
432,36,211456,3.1,176379,11.4,612,96321,Rent,Personal,0
433,59,567377,18.5,334428,6.8,663,250869,Own,Personal,0
434,25,446697,1.9,655730,13,701,79528,Mortgage,Car,1
435,42,374683,13.3,426444,12.7,726,149863,Rent,Home,1
436,49,556890,19.1,234237,12.2,657,32847,Own,Personal,0
437,23,1747078,0.8,350059,13.1,665,746253,Rent,Personal,0
438,32,924669,3.4,259663,14.3,634,273764,Own,Personal,1
439,46,474767,7,301422,13,688,117186,Rent,Education,0
440,36,890598,3.5,246760,9.5,639,31948,Own,Car,0
441,57,1403350,5.1,271831,15.1,724,250765,Mortgage,Home,0
442,42,1080869,7.1,340712,7.3,583,56661,Rent,Personal,0
443,49,671671,8.1,165301,6.9,668,59711,Own,Car,0
444,34,455391,10.1,163082,15.9,708,108843,Rent,Personal,0
445,48,954316,13.2,130407,15.1,701,99008,Rent,Personal,0
446,25,807053,1.4,114849,13.3,850,66400,Rent,Car,0
447,50,1063509,14.7,144519,9,711,387928,Rent,Car,0
448,25,921789,0.8,330121,11.2,630,137718,Rent,Personal,0
449,32,1157741,4.5,175583,12.7,684,497998,Rent,Home,0
450,36,484246,8.1,408279,8.4,583,162517,Rent,Education,0
451,46,1341494,11.1,306314,11.1,685,48104,Rent,Car,0
452,46,724623,9.5,92082,15.6,640,61825,Own,Home,0
453,41,2035234,15.9,444419,18.1,745,883502,Mortgage,Education,0
454,59,444931,27.2,487974,12.2,657,230347,Rent,Business,0
455,56,1688764,18.8,165251,15.9,683,106822,Rent,Car,0
456,53,724747,16,386023,7.4,652,70199,Rent,Home,0
457,50,454270,15.5,179448,15.6,794,36403,Mortgage,Personal,0
458,57,498117,8.7,318106,10.9,671,157643,Own,Car,0
459,43,544998,8.3,140483,14.5,800,195205,Rent,Personal,0
460,30,820787,1.1,102301,12.7,739,143933,Rent,Personal,0
461,25,866560,1.7,238434,17.7,719,510420,Rent,Car,0
462,56,474109,16.8,278535,10.7,712,21746,Rent,Personal,0
463,54,641351,8.6,236317,15.5,714,338721,Mortgage,Home,0
464,51,2111642,23.2,147432,12.6,574,250058,Mortgage,Car,0
465,30,1680961,6.6,236003,13,673,346781,Rent,Car,0
466,39,826294,10.9,352609,12.9,741,107640,Own,Personal,0
467,52,663729,14.7,292027,10.8,687,145143,Rent,Personal,0
468,21,694359,0,334716,13.5,606,431959,Rent,Home,0
469,25,910876,0.8,200680,13.3,687,290050,Mortgage,Education,0
470,65,370346,28.7,605960,14.3,792,142487,Own,Personal,0
471,24,564204,0.6,148128,13.8,765,229020,Rent,Personal,0
472,36,259628,9.8,401946,16.1,686,40330,Rent,Business,0
473,44,809604,6.7,609670,16.5,747,97005,Mortgage,Personal,0
474,36,927906,10.7,400345,10.1,668,119704,Own,Business,0
475,22,498309,0.8,265673,16.3,588,304599,Rent,Car,0
476,48,1544824,5.5,218504,9.7,635,422153,Rent,Car,0
477,52,331226,13.1,558601,15.4,784,146143,Rent,Personal,1
478,47,290489,20.5,127740,15.5,674,11504,Mortgage,Personal,0
479,40,735405,8.3,167621,7.4,675,223292,Own,Personal,0
480,44,1156180,16.2,236334,13.8,672,841761,Rent,Business,0
481,32,1641117,5.6,630413,12,804,393463,Own,Home,0
482,55,505014,12.3,376773,11.1,788,45511,Own,Home,0
483,53,1176438,9.6,167831,17.8,823,76354,Rent,Business,0
484,53,636378,7.8,249036,11.4,680,58493,Rent,Personal,0
485,63,591125,26.6,207512,10.9,708,176826,Own,Home,0
486,57,1056784,13.3,195960,13.7,599,178846,Own,Car,0
487,32,930526,5,539755,15.7,779,84148,Own,Business,0
488,23,273132,0.9,131728,13,620,48555,Mortgage,Personal,0
489,21,1464208,0,787648,17.2,703,346640,Rent,Home,0
490,53,1388560,22.6,493104,15.2,624,310719,Rent,Business,0
491,60,460776,30.7,577264,6.5,655,188214,Mortgage,Car,0
492,30,808083,3.5,227243,11.8,640,267022,Rent,Personal,0
493,63,852940,28.5,274189,11.7,654,371417,Own,Car,1
494,64,750202,27.3,126962,15,658,234186,Own,Personal,0
495,49,480249,14,218981,6.5,657,22497,Own,Home,0
496,33,449250,9.2,403419,21.7,740,115190,Rent,Education,1
497,32,640928,2.6,652898,15.2,624,103864,Own,Car,0
498,51,1238893,5.3,154391,14,703,138812,Mortgage,Car,0
499,22,876514,0.7,240923,17.3,763,45291,Own,Home,0
500,55,530136,13.9,273966,21,659,32218,Own,Personal,0
501,43,993671,15.2,129841,16.3,647,167773,Rent,Personal,0
502,37,150000,11.6,427773,16.5,676,13186,Rent,Business,1
503,46,1222672,3.6,194297,13.9,761,141753,Rent,Home,0
504,28,249667,5,266813,13,702,14834,Rent,Personal,1
505,49,532525,11.6,228746,12,658,88845,Mortgage,Personal,0
506,46,351129,11.4,186826,10.9,719,89017,Own,Home,0
507,30,318906,4.8,298735,11.3,624,53965,Own,Business,0
508,46,1230809,18.7,263596,9.2,731,104962,Own,Business,0
509,54,502571,3.7,240007,13.3,715,45311,Rent,Personal,0
510,61,786466,17.4,193777,8.1,672,29966,Mortgage,Education,0
511,27,633440,3.5,363398,14.1,640,22086,Rent,Car,1
512,24,845007,1.8,809125,13.4,637,48355,Rent,Home,1
513,65,678052,25.7,326267,14,722,18216,Own,Home,0
514,31,320963,1.9,545364,11.8,764,285807,Mortgage,Personal,1
515,49,1124304,8.7,130275,23.3,652,409862,Mortgage,Education,1
516,56,495420,12.3,329784,17.9,718,37066,Rent,Personal,0
517,45,276125,15.9,155300,9.5,565,17083,Mortgage,Personal,0
518,41,513633,5.9,123671,14.2,655,132916,Rent,Business,0
519,56,1483842,8.7,192512,11.6,688,591786,Rent,Home,0
520,30,1037526,6.9,613342,10.3,635,124074,Mortgage,Business,0
521,57,536579,3.8,530485,9.2,634,126417,Mortgage,Car,0
522,29,536400,6.4,347090,14.9,650,218958,Own,Car,0
523,44,544612,13.2,119601,11.3,708,129391,Own,Business,0
524,55,2036899,23.1,266671,16.6,679,114767,Mortgage,Personal,0
525,55,801942,10.4,359532,16.7,556,301954,Own,Business,1
526,56,823444,3.9,333320,17.9,563,49186,Mortgage,Personal,1
527,38,1145536,10.5,99237,10.8,654,547983,Own,Business,0
528,59,741227,26,175843,15,717,242460,Mortgage,Personal,0
529,52,563687,19.2,288685,15.5,525,100365,Mortgage,Home,0
530,44,583462,4.6,413872,12,660,86331,Rent,Business,0
531,43,624900,13.8,80327,11,658,70634,Mortgage,Car,0
532,52,636828,19.8,272192,18.7,773,467660,Own,Home,0
533,57,969876,20.2,326886,14.2,667,369068,Rent,Business,0
534,32,668838,7,499471,15.5,713,5382,Own,Home,0
535,33,972553,8.3,454636,10.9,698,143957,Rent,Business,0
536,43,621775,11.6,425526,9.6,562,75026,Own,Car,0
537,45,678729,3.9,185642,11.7,736,129501,Mortgage,Personal,0
538,55,216580,15,95486,13.1,703,27740,Rent,Personal,0
539,61,1075943,6.2,236974,10.1,720,56604,Rent,Personal,0
540,50,786459,11.2,547171,13.5,850,553122,Mortgage,Personal,0
541,37,1125382,6.2,692186,8.1,565,49368,Rent,Car,0
542,40,150000,2.8,459488,9.9,793,65177,Rent,Personal,1
543,45,2049966,8.3,388148,15.6,673,106448,Rent,Personal,0
544,42,601964,3.7,376744,15.4,707,13142,Own,Personal,0
545,33,1195683,8,214887,12.2,687,383384,Own,Business,0
546,39,366876,13.7,277479,10.2,665,51938,Mortgage,Home,0
547,56,910504,5.3,816661,10.2,656,62235,Rent,Car,1
548,32,364160,8.5,170417,12.3,710,111724,Mortgage,Business,0
549,61,461231,18.6,790487,15.6,599,22300,Own,Personal,1
550,39,1862527,5.6,247291,16.5,735,374464,Rent,Education,0
551,32,585284,1.7,664505,11.9,665,150219,Own,Home,1
552,29,732571,3.6,128985,9.8,622,85643,Own,Personal,0
553,27,1048913,3.9,426377,14.4,663,305512,Own,Home,0
554,48,853715,16.1,192813,10.9,765,303825,Rent,Business,0
555,34,706062,1.8,128332,11.8,658,44557,Rent,Car,0
556,51,794490,4.5,342032,17.7,712,20706,Rent,Business,0
557,39,2437799,6.9,549751,16.1,646,212359,Rent,Personal,0
558,36,629724,4.6,180696,14,735,74229,Own,Personal,0
559,25,726019,1.1,122043,9.4,731,55641,Rent,Personal,0
560,55,1158443,10.1,283915,14.2,801,278947,Own,Personal,0
561,32,1193937,7.3,284667,16.9,679,393141,Rent,Personal,0
562,45,1248676,18,416870,12.3,730,57053,Rent,Business,0
563,41,923595,7.7,530351,17.8,696,253047,Own,Personal,1
564,56,346651,25.7,289494,17.6,768,45359,Rent,Car,0
565,43,1596166,7.2,913318,18.8,647,798066,Mortgage,Car,0
566,36,346015,6.5,343203,14.5,735,163162,Rent,Business,0
567,59,767718,9.8,243697,15.4,678,254627,Rent,Education,0
568,65,429285,24.1,114073,18,686,19512,Mortgage,Business,0
569,62,627470,32.2,256259,14.9,696,50968,Own,Education,0
570,59,778829,19.9,245170,11.9,705,346934,Rent,Business,0
571,34,775664,4.6,533770,12.1,683,90363,Rent,Education,0
572,51,819774,16.6,395944,14.3,703,90823,Own,Home,0
573,25,1578947,0.7,147844,9.4,785,737189,Mortgage,Personal,0
574,55,834152,24.6,332665,13,749,367631,Mortgage,Car,0
575,43,568321,9.9,448856,17,742,133675,Rent,Home,0
576,49,1104580,11.6,750396,6.5,663,301158,Mortgage,Car,0
577,63,1250353,21.4,510957,18.4,637,732986,Rent,Personal,0
578,31,330891,5.4,473566,17.1,747,57312,Rent,Home,0
579,38,902837,2.6,311013,12,743,70482,Mortgage,Education,0
580,32,955866,6.4,378710,15.2,778,47703,Rent,Personal,0
581,29,551870,2.2,634911,13.5,654,65956,Rent,Business,1
582,30,1385216,5.4,134844,17.4,676,214422,Rent,Home,0
583,64,598509,29.1,243257,16.6,592,573116,Rent,Education,0
584,37,696480,10.6,188716,9,666,65217,Own,Education,0
585,58,590980,18,376634,15.4,750,102940,Own,Business,0
586,27,655593,2.8,627608,12.8,662,95618,Rent,Car,0
587,33,355676,2.4,209683,13.8,728,37669,Own,Personal,0
588,60,294401,25.1,71493,11.2,679,37053,Mortgage,Car,0
589,62,1562356,11.9,234264,19.1,709,194701,Mortgage,Business,0
590,29,407950,3.6,518981,16.8,621,185558,Rent,Business,1
591,47,376797,7.8,414205,11.1,695,55349,Mortgage,Business,1
592,22,198861,0.2,387879,9.2,511,41252,Own,Personal,1
593,25,457393,2.2,253607,12.3,679,107721,Rent,Home,0
594,49,313962,3.9,139263,14.9,592,215914,Rent,Personal,1
595,57,1603719,22.5,408691,14.3,762,714187,Rent,Personal,0
596,58,1132714,11.9,181856,17.5,737,183732,Own,Personal,0
597,39,445185,1.8,1112362,16,718,72170,Rent,Personal,1
598,28,2243544,3.2,422457,16.6,781,168320,Own,Business,0
599,65,1115372,5.8,211747,14.5,633,241219,Rent,Personal,0
600,21,543655,0,207878,9.1,795,29420,Mortgage,Personal,0
601,42,164399,12.5,283728,12.9,746,37164,Rent,Education,0
602,37,2291566,2.3,259844,16.9,676,514127,Mortgage,Car,0
603,27,302689,4.1,586330,13.3,758,54879,Mortgage,Personal,0
604,45,262960,2.5,335503,15.1,624,17812,Rent,Personal,0
605,65,1140687,12,193408,12.5,641,442867,Rent,Personal,0
606,24,2487009,1.9,932666,10.2,653,472521,Rent,Personal,0
607,56,1391757,11.2,309008,13.1,658,48674,Mortgage,Personal,0
608,26,886359,0.9,475842,14.5,627,172238,Own,Home,0
609,51,901525,10.6,208272,11.4,763,370448,Rent,Personal,0
610,39,1039350,5.2,373027,12.7,674,27050,Rent,Car,0
611,64,986717,29.7,361567,10.5,711,345127,Rent,Business,0
612,59,758716,12.1,96543,17.1,656,45204,Mortgage,Car,0
613,47,688340,17,1005206,12.6,581,302900,Own,Business,1
614,30,628004,6.5,650778,18.1,706,154471,Mortgage,Car,1
615,46,429358,10.1,236386,18.4,575,163102,Rent,Car,0
616,39,557020,13.3,154844,13.2,686,48382,Rent,Business,0
617,59,256171,13.8,369562,10.3,608,25361,Mortgage,Personal,0
618,23,615777,1.5,316019,6.8,809,49021,Rent,Personal,0
619,65,377378,7.2,371364,8.8,745,67197,Mortgage,Home,0
620,33,354248,7,336544,9.1,696,78083,Rent,Car,1
621,48,717601,12,406477,17.9,766,96017,Rent,Business,0
622,40,1397686,7.1,714917,13.9,639,307748,Own,Business,0
623,48,1077120,14.7,421848,14.7,723,129592,Mortgage,Car,0
624,28,274019,4.1,159811,6.5,702,92400,Mortgage,Home,0
625,61,377163,4.1,679475,9.7,706,63951,Rent,Car,0
626,59,1090505,8.2,802837,16.3,766,139741,Rent,Education,0
627,21,378647,0,1988263,14.4,734,242677,Own,Business,1
628,23,574456,1.1,152885,13,707,142018,Own,Business,0
629,33,879630,9.3,347065,15.3,591,210692,Own,Personal,0
630,48,381604,17.1,86015,18.7,632,114359,Rent,Business,0
631,45,688785,18.4,418080,12.8,683,35205,Mortgage,Personal,0
632,53,312080,18.9,215910,13.7,696,59415,Own,Personal,0
633,58,466949,11.4,951319,14.1,622,2215,Mortgage,Education,1
634,26,774992,0.9,188484,21.2,835,185685,Own,Personal,0
635,64,270650,27.8,108883,6.8,781,37523,Rent,Education,0
636,65,828182,24.2,226111,15.7,726,50263,Mortgage,Personal,0
637,52,643017,4.1,91697,13.1,694,95985,Own,Business,0
638,65,880810,15.5,470804,15.3,677,321548,Mortgage,Personal,0
639,41,735187,15.4,86898,11.4,633,275836,Mortgage,Car,0
640,36,1376432,6.8,305166,13.3,695,272903,Own,Personal,0
641,41,696345,8.1,86237,15.8,705,184742,Own,Home,0
642,31,513269,4.2,247548,23.5,615,30732,Rent,Personal,0
643,57,695225,8.9,804169,16.1,710,433528,Rent,Home,1
644,56,876368,12.5,372475,10.8,681,183983,Rent,Personal,0
645,55,667704,12.2,178696,12.1,576,53838,Rent,Personal,0
646,39,664675,2.5,294436,12,638,60974,Rent,Personal,0
647,40,441809,12.1,303261,7.8,665,73516,Rent,Car,0
648,38,451410,6.7,398362,12.4,803,121096,Rent,Business,0
649,61,300528,27,132114,15.8,723,62145,Rent,Business,0
650,34,1701456,9,428085,9.4,610,142003,Rent,Personal,0
651,35,327946,3.5,59213,16.9,719,52816,Rent,Home,0
652,51,444022,16.8,205583,15.1,597,24392,Own,Business,0
653,21,437838,0,223815,11.2,755,64969,Own,Personal,0
654,23,1063351,1.4,438684,13,662,137449,Rent,Car,0
655,36,552664,3.8,304101,18.6,684,124407,Own,Car,0
656,43,1291075,12.6,129082,15.8,770,113796,Mortgage,Personal,0
657,31,448789,5.3,166133,13.5,613,44788,Rent,Personal,0
658,32,757800,3.4,337981,12.7,606,174793,Own,Personal,1
659,30,410564,1.8,286100,13.7,655,106692,Mortgage,Home,1
660,52,2114988,17.2,211941,11.9,752,687700,Mortgage,Personal,0
661,36,338253,9.3,224816,6.8,599,83324,Rent,Personal,0
662,28,770757,2.2,455540,20,520,46241,Own,Personal,0
663,58,921083,20.4,219899,14,663,278289,Rent,Personal,0
664,32,816120,4.1,284555,14.8,723,254408,Own,Personal,0
665,44,587023,13.8,1102951,13.3,762,91546,Mortgage,Business,1
666,48,605207,6.5,127686,11.1,662,88612,Own,Personal,0
667,28,665853,5.1,98758,12.9,665,91376,Mortgage,Home,0
668,48,599515,8.1,480072,8.4,759,185075,Rent,Car,0
669,56,1104453,12.5,199656,20.8,578,325266,Mortgage,Home,1
670,46,2192417,3.5,247854,9.5,667,460672,Own,Home,0
671,28,478354,1.2,187746,10.2,701,33640,Rent,Personal,0
672,48,305999,12.4,256699,12.1,717,58888,Own,Business,0
673,48,619193,7.8,782822,17.6,659,314245,Rent,Car,1
674,57,2686011,24.7,485442,13.5,692,409004,Rent,Business,0
675,61,417778,4.4,503265,9.5,541,44781,Mortgage,Car,1
676,56,1601165,12.8,128258,17.5,651,456963,Rent,Education,0
677,47,1635506,8.7,150369,15.8,717,637844,Own,Business,1
678,37,479383,1.8,54616,15.2,631,125716,Rent,Education,0
679,29,888836,1.5,184593,15.8,694,234106,Rent,Car,0
680,53,1591752,12.5,532618,21.2,717,251815,Mortgage,Car,0
681,40,527660,8.5,409096,20.5,669,165248,Rent,Business,1
682,33,581147,4.6,262664,11.3,700,44077,Own,Business,0
683,48,472033,12.7,296013,18.7,632,150359,Own,Education,1
684,49,371986,14.5,198433,14.7,678,89390,Own,Personal,0
685,33,454805,1.3,339216,15.1,727,244367,Mortgage,Business,1
686,55,331559,14.4,474997,8.1,699,85008,Own,Personal,0
687,26,662300,3.9,113778,13,655,245730,Rent,Car,0
688,38,425595,7.9,359089,10.9,703,34423,Mortgage,Personal,0
689,25,739190,2.3,524919,16.1,733,66460,Rent,Personal,0
690,45,276229,7.6,233860,16.9,567,102295,Own,Education,1
691,22,779737,0.6,456780,6.9,760,128339,Mortgage,Personal,0
692,30,1028044,5.8,1623882,13.4,670,581300,Own,Home,1
693,50,217113,13.5,281794,17.1,716,18586,Mortgage,Home,1
694,65,798475,34.5,379846,12.9,762,180002,Own,Personal,0
695,25,1276900,0.8,192664,15.8,608,92501,Mortgage,Personal,1
696,53,334177,3.6,334465,14.6,647,97547,Mortgage,Car,0
697,21,1630900,0,395419,14.6,673,412843,Rent,Personal,0
698,38,818467,11.3,337204,12.6,643,120220,Rent,Business,0
699,52,441075,5.7,162709,9.6,794,11000,Own,Education,0
700,31,630365,2.9,339543,9.9,639,52161,Own,Personal,0
701,41,883642,2.2,721332,15.8,657,92280,Rent,Personal,1
702,46,677748,7.6,392668,13.6,702,99187,Rent,Car,0
703,45,874182,15.4,534309,13.1,618,194510,Rent,Home,0
704,42,391741,9.7,260232,12.1,666,72813,Mortgage,Personal,0
705,47,713456,8.9,470465,12.5,709,378486,Own,Personal,0
706,33,298697,4.3,354725,16.9,670,138445,Rent,Car,1
707,53,611429,3.2,169565,12.4,684,77094,Rent,Education,0
708,54,395370,10.2,363179,9.2,658,14747,Rent,Car,0
709,61,433734,22.1,165466,15.9,599,114067,Rent,Car,0
710,55,1282830,26.6,205214,12.8,709,1241295,Rent,Education,0
711,21,1184638,0,336090,13.6,795,500508,Mortgage,Home,0
712,41,908685,2.3,358572,18.6,691,84981,Mortgage,Home,0
713,26,356452,3.6,146972,13.4,704,78447,Rent,Car,0
714,48,546180,17.5,564632,14.4,732,284235,Rent,Education,0
715,37,1266707,10.3,422837,9.7,614,361448,Rent,Home,0
716,25,702691,1.7,196556,12.8,792,202882,Rent,Business,1
717,51,2327625,11.4,119251,15.5,702,172692,Rent,Home,0
718,25,806979,1.2,275019,8.5,788,181555,Rent,Home,0
719,58,722415,5.4,229572,14.1,646,406768,Rent,Personal,0
720,23,548374,0.5,321072,13.8,799,145912,Own,Personal,0
721,43,699538,6,241269,13.6,737,35279,Own,Business,0
722,57,597715,15.8,89955,16.8,723,110135,Own,Personal,0
723,57,959519,22.4,237644,14.6,704,136026,Rent,Car,0
724,30,1100103,3.9,249738,18.2,675,222904,Mortgage,Personal,0
725,30,421862,1.3,438772,10.3,762,73049,Mortgage,Business,0
726,39,312559,13.9,197327,13.9,698,56104,Rent,Personal,0
727,37,236763,12.2,821381,13.8,572,5565,Rent,Business,1
728,41,859514,13,95278,10.1,623,347141,Own,Home,0
729,34,354292,10.3,658841,16.6,679,52341,Rent,Personal,0
730,29,198916,3.8,262222,20.9,709,87982,Rent,Car,1
731,21,804878,0,502469,13.4,687,158363,Own,Personal,0
732,65,2560921,6.7,314714,15.1,763,173593,Own,Personal,0
733,33,647833,4.3,594378,13.8,573,97116,Rent,Car,0
734,24,1030853,0.8,237785,11.2,699,532571,Own,Personal,0
735,21,679922,0,155184,7.7,581,55253,Mortgage,Education,1
736,60,615591,7.7,703512,11.2,736,67935,Rent,Personal,0
737,52,1077571,16.6,280253,9,684,74810,Own,Home,0
738,54,554087,21.3,342653,19,715,42574,Rent,Car,1
739,48,752980,13.6,629316,13.1,638,78227,Rent,Home,0
740,51,775809,6.1,161517,12.4,767,243790,Own,Car,0
741,28,450124,4.7,428837,16.3,753,82772,Rent,Home,0
742,59,1121694,20.7,210576,9.9,725,123476,Rent,Home,0
743,46,590367,9.3,277128,11,682,68489,Rent,Home,0
744,54,428938,18.9,313296,13.7,725,166953,Own,Personal,0
745,23,873102,0.6,121955,16.8,648,326634,Own,Home,0
746,32,396555,3.8,188007,15.1,741,14037,Rent,Personal,0
747,21,660153,0,674807,14.3,789,201675,Own,Personal,0
748,64,646748,13,510554,13.7,754,95675,Rent,Car,0
749,25,1181116,1.7,288934,14.8,646,135778,Own,Car,0
750,50,843919,21,347115,14.1,712,45395,Rent,Car,0
751,50,641114,17.3,251448,10.2,612,21737,Own,Home,0
752,37,1019170,2.3,677041,13.6,724,41469,Mortgage,Personal,0
753,43,1396307,4.5,266020,10.1,717,562648,Mortgage,Personal,1
754,35,883391,1.5,344774,13.8,578,66355,Rent,Personal,0
755,57,653712,19.5,596692,12,620,23461,Mortgage,Home,0
756,41,315912,8.3,188173,21.6,673,117975,Rent,Car,0
757,34,361825,2.5,764373,13.4,672,7975,Mortgage,Personal,1
758,22,549549,0.8,119762,9,617,176524,Rent,Home,0
759,31,464862,4.7,797569,13.1,713,85063,Rent,Car,0
760,59,586480,10.2,239889,15.2,705,65175,Rent,Car,0
761,58,670571,16.7,259346,18.9,678,70482,Rent,Car,0
762,54,869835,19,96523,11.6,645,179156,Own,Home,0
763,58,625279,5.7,228356,8.4,753,44807,Mortgage,Home,0
764,54,849415,9.6,160758,16.1,789,89326,Own,Personal,0
765,38,673463,11.3,208345,9.1,661,40273,Own,Personal,0
766,50,219306,12.2,276275,12.1,653,17958,Own,Personal,1
767,35,387741,6.8,532966,12.7,719,27972,Rent,Home,0
768,47,600477,10.5,339796,13.3,669,99184,Rent,Business,0
769,54,334167,4.3,360823,15.7,682,49631,Rent,Car,0
770,58,904094,8,155473,11.3,734,307024,Rent,Personal,0
771,53,1508522,13.2,176855,12.6,575,430018,Rent,Business,0
772,44,1270660,5.7,882728,13.5,769,265588,Rent,Business,0
773,35,578003,1.9,192995,14,694,20897,Rent,Business,0
774,50,1475676,20,810383,13.8,665,7391,Rent,Home,0
775,62,705382,32.3,259290,14.9,685,71185,Mortgage,Business,0
776,37,540003,10.5,300412,16.2,688,75144,Rent,Personal,0
777,25,463868,2.8,570208,14.8,586,36804,Own,Personal,1
778,49,550383,7.5,643497,15,780,200354,Own,Personal,0
779,24,525040,2.3,280702,8.4,692,104615,Own,Home,0
780,30,713870,2.1,237659,13.7,717,92060,Rent,Personal,0
781,37,710016,12.3,290101,15,747,163133,Rent,Car,0
782,30,651090,7.2,367439,15.8,629,115056,Rent,Car,1
783,37,826573,9.6,512123,11.3,718,556957,Rent,Personal,1
784,40,1251162,14.9,300762,11.4,674,317949,Rent,Business,0
785,44,1095786,11.5,434899,11.7,741,494214,Own,Personal,0
786,25,287229,1.1,801751,15.2,562,50710,Own,Car,1
787,54,159543,13.4,377122,16.8,684,16322,Own,Business,1
788,26,1086643,2.6,361685,12.2,654,466297,Rent,Personal,1
789,22,306491,0.2,120595,16.4,716,21455,Rent,Home,0
790,33,574415,6.4,61889,13.9,718,71161,Mortgage,Business,0
791,63,341521,33,378724,13.1,648,155171,Rent,Education,0
792,63,241262,9.8,283408,12.8,647,79486,Own,Business,0
793,31,875484,6.5,220283,15.9,683,106076,Own,Personal,0
794,43,986840,16.2,347200,14.5,636,252026,Rent,Home,0
795,36,473377,11.4,289322,20.8,741,52182,Rent,Personal,0
796,51,156319,23.2,590194,10.8,668,14411,Rent,Personal,1
797,31,481323,4.7,315907,15.2,516,71012,Rent,Personal,1
798,36,806307,11.8,191642,11.8,668,169828,Rent,Personal,0
799,28,288176,4.4,543420,10.7,628,44886,Rent,Business,0
800,24,718970,0.6,263355,13.5,592,112027,Rent,Personal,0
801,60,644550,16.9,411457,13.9,616,90995,Own,Car,1
802,24,893890,1.8,225278,22.8,697,44625,Mortgage,Car,0
803,45,694187,6.6,203138,12.9,770,143422,Rent,Car,0
804,23,380614,1.1,315539,9.9,709,179919,Mortgage,Education,0
805,52,1255246,17.6,302318,14.4,654,88690,Mortgage,Personal,0
806,23,595726,0.4,400086,6.9,717,324520,Mortgage,Home,0
807,47,640312,12.9,255340,13.2,662,216603,Mortgage,Car,0
808,49,389037,17.9,99680,13.6,648,21433,Rent,Personal,0
809,52,509366,13.9,231393,16,621,190680,Rent,Car,0
810,39,399547,2,483027,16.6,585,55803,Own,Business,1
811,41,591021,2.1,250976,11.9,667,47647,Own,Personal,0
812,25,1666385,1.4,258773,13,699,361345,Mortgage,Personal,0
813,38,305646,12.7,542186,11,684,13337,Mortgage,Personal,0
814,48,267605,7,195703,9.9,665,5356,Own,Business,0
815,62,1459890,22.3,118878,14.5,633,241388,Rent,Home,0
816,42,579314,5.4,272436,9.4,726,96757,Rent,Car,0
817,41,449881,6.5,224366,12.2,611,90494,Rent,Car,0
818,26,1151614,3.5,168012,10.3,737,319016,Own,Business,0
819,21,465859,0,270036,15.3,630,24217,Own,Business,0
820,25,1774507,0.7,402899,19.3,645,706135,Mortgage,Business,1
821,61,943722,16,298333,9.3,602,74654,Own,Business,0
822,32,497015,1.3,360673,7.6,660,79257,Mortgage,Home,0
823,46,2129179,10.9,890539,13.1,749,466994,Own,Car,0
824,54,465834,18.6,244217,13.6,721,36250,Mortgage,Business,0
825,34,977624,2.4,354530,14.2,749,277040,Rent,Business,0
826,46,766307,7.6,221020,12.1,721,76730,Mortgage,Personal,0
827,65,1329994,16.7,180543,12.9,624,126118,Own,Personal,0
828,47,1534260,19.3,211207,14.7,670,363596,Rent,Education,0
829,29,661543,6.4,225096,16.8,643,244809,Rent,Personal,0
830,46,429487,3.3,372214,7.2,770,138692,Mortgage,Business,1
831,42,837111,13.3,1228105,12.3,618,274097,Rent,Car,1
832,50,447747,10.4,195226,14.2,744,56739,Rent,Personal,0
833,63,1967139,15.7,233646,10.6,744,685133,Rent,Personal,0
834,37,700691,10,288850,19,800,223281,Own,Personal,0
835,46,531682,18.6,380415,11.5,665,16578,Mortgage,Personal,0
836,56,719493,26.8,351396,13.4,733,148340,Rent,Car,0
837,21,309839,0,648226,15.3,827,17389,Rent,Home,0
838,28,380918,2.4,69962,11.6,653,81164,Mortgage,Education,0
839,55,1257901,22.1,71638,7.6,598,88658,Own,Car,0
840,35,452904,3.9,222796,12.1,577,35310,Mortgage,Car,0
841,42,365465,10.4,579498,16.8,733,62113,Rent,Car,1
842,34,873171,4.6,117260,12.4,577,139834,Rent,Car,1
843,46,1247766,14,49363,10.8,668,160316,Rent,Car,0
844,48,965259,7.2,422627,16.5,716,97252,Own,Personal,0
845,43,1124168,5.2,347226,12.4,701,59065,Rent,Personal,0
846,34,428690,9.7,155969,11.9,716,27336,Rent,Personal,0
847,44,297370,3.9,166078,14,703,69849,Rent,Personal,0
848,22,1484311,0.5,167660,16,767,172387,Rent,Home,0
849,65,544299,11.2,320571,21.1,633,64788,Mortgage,Personal,0
850,46,566238,3.2,206024,16.1,649,31912,Rent,Business,0
851,34,1349486,1.6,403518,17.2,644,170857,Own,Business,1
852,27,882624,1.3,54109,11.9,740,96309,Mortgage,Education,0
853,23,835233,1.4,179410,10.2,744,70196,Rent,Education,0
854,43,2138209,6.6,152650,13.7,717,1185832,Own,Personal,0
855,63,456248,32.1,257232,13.8,761,60652,Mortgage,Car,0
856,65,1082777,22.3,217229,10,619,213455,Mortgage,Personal,1
857,38,670705,6.9,484195,12.9,790,81034,Rent,Business,0
858,58,753477,18.7,98315,14.8,781,140605,Rent,Business,0
859,55,1506629,15.7,308301,14.7,734,372319,Rent,Business,0
860,35,859441,8.8,419383,15.1,797,506034,Own,Car,0
861,45,873961,7.1,913945,14.4,591,109424,Own,Business,1
862,57,1172451,12.5,224690,11.9,659,108674,Own,Personal,0
863,48,531790,19.6,364475,11.9,646,28787,Rent,Personal,0
864,30,409693,6.9,101643,9.7,733,85185,Rent,Business,0
865,59,365888,27.5,71422,19.2,627,14960,Own,Car,0
866,37,220407,6.3,498023,13.5,735,148872,Own,Education,1
867,59,2014017,24.6,299001,12.8,772,406778,Own,Personal,0
868,42,354323,9.1,608435,10.5,732,68260,Rent,Business,0
869,46,575525,11.2,131597,22.9,707,50700,Rent,Car,0
870,64,558204,10.5,409822,10.1,631,92567,Rent,Business,0
871,45,769735,12.3,920644,12.1,639,72510,Rent,Business,0
872,37,1018033,3.7,385911,14.8,765,411683,Rent,Business,0
873,33,1043393,4,354154,15.4,737,140165,Rent,Personal,0
874,40,471670,13.3,301544,16.6,688,147869,Rent,Education,0
875,45,592918,5.9,116892,19.3,665,103337,Rent,Personal,0
876,24,759296,0.4,676631,15.1,568,294897,Rent,Personal,0
877,30,566905,1.3,207944,10.1,626,107896,Own,Car,0
878,23,1573429,1.5,406048,12.7,805,191380,Rent,Business,0
879,61,851508,18.2,117444,14.5,613,108722,Own,Car,0
880,65,973751,17,147836,20.1,701,113441,Own,Business,0
881,38,935945,11.3,709695,9,750,166827,Own,Home,0
882,56,1239400,24,243569,17.3,615,287734,Mortgage,Personal,0
883,42,718046,7,717482,14.1,701,3360,Rent,Education,0
884,54,318529,19.3,286244,16.2,746,104758,Own,Personal,0
885,28,809811,4.5,99349,13.2,691,159115,Mortgage,Business,0
886,60,454286,21.8,512358,10.8,850,53470,Mortgage,Personal,0
887,64,486012,8.9,210576,15.9,590,12192,Rent,Car,1
888,39,897374,12.8,456229,15.6,754,12236,Rent,Car,0
889,62,1284376,19.6,304572,16.6,680,1292384,Rent,Personal,0
890,61,657649,11.9,118856,13.5,736,112454,Own,Car,0
891,57,770339,14.3,331080,11.6,716,232351,Own,Personal,0
892,26,1657707,0.6,1120484,8.5,646,141920,Rent,Personal,0
893,46,742028,4.7,403257,16.1,704,203434,Own,Personal,0
894,54,2718670,21,289823,14.9,579,601126,Own,Car,0
895,65,887140,4.4,571914,10.4,726,117137,Rent,Business,0
896,26,246794,2,340421,11.8,708,36426,Mortgage,Car,0
897,57,983689,16.8,340190,12,728,70706,Own,Business,0
898,53,801600,4.4,155836,8.8,753,630035,Rent,Home,0
899,42,1321254,16.4,345189,10.9,712,155655,Own,Home,0
900,41,941263,5.2,558385,9.9,699,147719,Rent,Home,0
901,26,602340,1.6,181662,12.2,637,29740,Own,Car,0
902,26,331494,1.6,705199,11.1,647,109622,Mortgage,Home,1
903,24,579410,0.8,283939,8.3,761,54386,Mortgage,Personal,0
904,50,407152,2.9,176112,20,776,20635,Rent,Business,0
905,31,472333,6.1,545860,17.5,676,18202,Rent,Business,0
906,50,898467,22.5,252574,11,693,6381,Rent,Personal,0
907,51,1628508,7.7,473187,14.4,636,96652,Own,Business,0
908,44,807580,13,251823,14.8,760,141837,Rent,Personal,0
909,29,336715,5,289422,17.3,730,130933,Own,Personal,0
910,23,830065,1.4,403396,10.9,806,56215,Rent,Personal,0
911,51,1255287,11.9,357209,17,637,212203,Rent,Business,0
912,60,464793,12.2,90601,11.7,667,217358,Rent,Business,0
913,57,603812,11.8,153092,9.2,704,189497,Mortgage,Business,0
914,56,655272,21,523967,15.8,729,261554,Own,Personal,0
915,44,422115,15.5,277134,17.6,677,25996,Rent,Car,0
916,51,928459,6.8,219103,21.8,638,96817,Rent,Home,0
917,26,608168,1.8,132773,9.7,743,182496,Own,Personal,0
918,22,818698,0.7,156952,15.7,733,205122,Rent,Home,0
919,40,398956,12.6,89184,12.2,635,94997,Own,Personal,0
920,48,511000,21.3,282312,16,771,26529,Mortgage,Personal,0
921,31,967081,6.3,209499,8.8,760,358287,Own,Car,0
922,24,529490,1.1,167977,9.5,698,57316,Own,Home,0
923,35,1680426,7.2,287985,11,695,308164,Own,Personal,0
924,26,521742,2.8,373219,13.8,723,146752,Mortgage,Personal,0
925,50,735499,4.5,1053319,11.4,638,40704,Mortgage,Personal,0
926,58,1085610,17.8,121104,15.6,692,312205,Own,Personal,0
927,22,297934,0.6,601491,16.8,561,81838,Rent,Personal,0
928,35,246787,3,537884,15.4,743,71179,Rent,Car,1
929,31,280861,6.5,187978,18.7,596,28945,Rent,Home,1
930,28,1301657,3.6,338906,14.8,780,143328,Own,Car,1
931,46,479839,19.2,227967,9.6,670,18914,Own,Business,0
932,65,2654421,5.7,335357,17.9,677,156851,Rent,Home,0
933,64,476580,12.3,741935,11.6,652,22418,Rent,Personal,1
934,25,719442,2.1,431448,16.4,673,117819,Rent,Personal,0
935,26,1517976,1.5,407055,18.5,775,48621,Mortgage,Business,0
936,46,1959263,15,231736,15,541,718701,Own,Personal,0
937,24,2019892,1.9,123143,8.7,767,333107,Own,Personal,0
938,39,1263415,3.1,264728,10.6,710,365571,Rent,Personal,0
939,40,1141624,8.7,618778,17.7,618,37484,Own,Home,1
940,53,900421,14.6,119999,13,625,145082,Rent,Home,0
941,40,997319,6.8,159290,13.8,791,196691,Own,Education,0
942,32,480016,8.3,323611,15.9,633,207237,Rent,Business,0
943,21,414454,0,166166,15.7,621,234667,Own,Car,0
944,46,648795,14.7,186470,14.4,758,114859,Rent,Car,0
945,34,591920,7.8,232671,12.8,710,171078,Rent,Personal,0
946,58,506587,15.7,132213,12.5,634,76556,Mortgage,Personal,0
947,57,953353,26.8,167220,16.2,703,161803,Rent,Personal,0
948,31,1099257,5.9,457529,15.3,628,374529,Rent,Personal,0
949,56,682386,21.4,136915,12.7,756,228795,Own,Personal,0
950,33,1465005,8.4,115015,17,754,727102,Mortgage,Personal,0
951,63,346902,12.3,205566,13.1,722,91881,Rent,Personal,0
952,23,584326,1.3,465427,10.8,712,43603,Own,Education,0
953,53,438220,7.6,266568,11.1,796,49474,Mortgage,Home,0
954,26,232846,1.7,227019,10.4,690,40337,Rent,Education,0
955,30,621104,3,308092,12.6,619,186077,Rent,Car,0
956,25,607901,3.1,105252,17.4,717,55008,Rent,Car,0
957,43,1494235,15.4,403673,10.9,815,488860,Mortgage,Personal,0
958,30,919582,5.3,377603,14.1,629,68110,Rent,Personal,0
959,64,370062,26.2,234674,11.4,668,34432,Rent,Personal,0
960,22,1802128,0.5,548582,12.7,715,729280,Own,Education,1
961,33,1272248,9.2,152518,8.7,687,298734,Own,Education,0
962,60,895271,17.4,590239,12.8,631,185500,Rent,Personal,0
963,22,573872,0.4,329139,12.9,757,121404,Own,Personal,0
964,40,383477,4.1,245145,15.2,829,14165,Rent,Car,0
965,21,529672,0,296444,14.2,702,35085,Rent,Personal,0
966,57,1182971,22.1,281301,9.7,636,115925,Own,Car,0
967,29,1832607,3,623876,17,597,770477,Mortgage,Personal,1
968,37,1518922,1.9,157240,14.2,705,329827,Rent,Car,0
969,29,496759,5.5,189857,14.1,756,55673,Mortgage,Personal,0
970,31,351139,1.1,558673,13.5,719,50771,Own,Car,0
971,35,702370,8.3,209864,11.8,690,63866,Rent,Personal,0
972,44,245754,17.9,514967,14.2,655,30846,Own,Car,0
973,58,776436,15,831677,15,624,228122,Rent,Education,0
974,55,599317,9,235734,7.9,740,303403,Mortgage,Personal,0
975,50,503031,17.2,451511,11.8,745,123568,Mortgage,Business,0
976,51,270395,20.2,150140,12.7,597,91084,Rent,Business,0
977,25,862170,1.9,471832,14.3,785,205922,Rent,Education,0
978,64,484921,33.4,338132,17.3,724,28352,Rent,Business,0
979,34,341558,1.8,398459,11,774,48709,Rent,Home,0
980,31,150000,4.5,203657,11.9,609,6501,Rent,Business,1
981,29,640237,4.8,110734,11.9,608,58632,Rent,Personal,0
982,54,1722808,23.2,405749,10.9,681,277663,Own,Car,1
983,32,1620783,2.5,86985,12.4,720,702269,Rent,Education,0
984,55,505511,22.4,247986,16,798,72879,Mortgage,Business,0
985,55,466732,16.6,527681,10.1,732,55414,Mortgage,Education,1
986,21,841174,0,336609,14.9,675,337560,Rent,Business,0
987,60,375351,7.5,965637,8.1,628,27941,Mortgage,Business,1
988,42,767361,14.8,554933,11.7,764,102997,Rent,Home,0
989,49,990606,5.9,202643,12.4,632,129269,Rent,Business,0
990,28,1276383,2.2,304957,18.9,788,283115,Own,Car,0
991,31,615163,3,291593,12.6,673,114060,Rent,Business,1
992,61,581117,28.4,116103,6.5,785,266609,Own,Business,0
993,57,401048,20.6,170638,7.1,731,33542,Mortgage,Business,0
994,34,412480,8.5,214289,13.6,682,230776,Mortgage,Home,0
995,50,573873,8,88416,15.5,659,99322,Own,Personal,0
996,55,795542,18.3,308672,14.7,670,99392,Own,Personal,0
997,41,1074321,10,258356,14,716,181287,Rent,Education,0
998,57,417892,24.6,109952,17.2,695,47160,Rent,Home,0
999,25,1477270,2.9,382340,11.8,654,145157,Own,Personal,1
1000,39,559954,2,460958,16.4,680,227831,Rent,Personal,0
